{
	"pages": [ //pages数组中第一项表示应用启动页，参考：https://uniapp.dcloud.io/collocation/pages
		{
			"path": "pages/index/index",
			"style": {
				"navigationBarTitleText": "",
				"enablePullDownRefresh": false
			}

		}, {
			"path": "pages/profile/profile",
			"style": {
				"navigationBarTitleText": "",
				"enablePullDownRefresh": false
			}
			
		}, {
			"path": "pages/article/article",
			"style": {
				"navigationBarTitleText": "",
				"enablePullDownRefresh": false
			}

		},
		{
			"path": "pages/user/login",
			"style": {
				"navigationBarTitleText": "",
				"enablePullDownRefresh": false
			}
		},
		{
			"path": "pages/common/category/category",
			"style": {
				"navigationBarTitleText": "",
				"enablePullDownRefresh": false
			},
			"name": "categoryList"
		},
		{
			"path": "pages/user/editProfile",
			"style": {
				"navigationBarTitleText": "",
				"enablePullDownRefresh": false
			},
			"name": "editUser",
			"perm": "login"
		},
		{
			"path": "pages/article/circle",
			"style": {
				"navigationBarTitleText": "",
				"enablePullDownRefresh": false
			}
		},
		{
			"path": "publish/article/article",
			"style": {
				"navigationBarTitleText": "",
				"enablePullDownRefresh": false

			},
			"name": "articlePublish",
			"perm": "login"
		},
		{
			"path": "pages/user/avatarChange",
			"style": {
				"navigationBarTitleText": "",
				"enablePullDownRefresh": false
			},
			"name": "avatarChange",
			"perm": "login"
		},
		{
			"path": "pages/user/headPictureChange",
			"style": {
				"navigationBarTitleText": "",
				"enablePullDownRefresh": false
			},
			"name": "headPictureChange"
		},
		{
			"path": "pages/user/collect",
			"style": {
				"navigationBarTitleText": "",
				"enablePullDownRefresh": false
			},
			"name": "collect",
			"perm": "login"
		},
		{
			"path" : "pages/article/components/comments/subComment",
			"style" : 
			{
				"navigationBarTitleText" : "",
				"enablePullDownRefresh" : false
			}
		},
		{
			"path" : "pages/common/category/categoryInfo",
			"style" : 
			{
				"navigationBarTitleText" : "",
				"enablePullDownRefresh" : false
			}
		},
		{
			"path" : "publish/article/photo",
			"style" : 
			{
				"navigationBarTitleText" : "",
				"enablePullDownRefresh" : false
			},
			"name":"photo"
			// "perm": "login"
		}
	],
	"globalStyle": {
		"navigationBarTextStyle": "black",
		"navigationBarTitleText": "uni-app",
		"navigationBarBackgroundColor": "#F8F8F8",
		"backgroundColor": "#F8F8F8",
		"navigationStyle": "custom",
		"app-plus": {
			"bounce": "none",
			"scrollIndicator": "none"
		}
	},
	"uniIdRouter": {},
	"condition": { //模式配置，仅开发期间生效
		"current": 0, //当前激活的模式(list 的索引项)
		"list": [{
			"name": "", //模式名称
			"path": "", //启动页面，必选
			"query": "" //启动参数，在页面的onLoad函数里面得到
		}]
	}
}